<?xml version="1.0" encoding="UTF-8"?>
<!DOCTYPE mapper
    PUBLIC "-//mybatis.org//DTD Mapper 3.0//EN"
    "http://mybatis.org/dtd/mybatis-3-mapper.dtd">

<mapper namespace="cs.dit.dao">

   <!-- resultSet -->
   <resultMap type="board" id="boardResult">
      <result column="bcode" property="bcode" />
      <result column="subject" property="subject" />
      <result column="content" property="content" />
      <result column="writer" property="writer" />
      <result column="regDate" property="regDate" />
   </resultMap>

   <!-- CRUD -->
   <select id="selectOne" resultMap="boardResult">
      select * from Board where bcode =
      #{bcode}
   </select>

   <select id="selectAll" resultMap="boardResult">
      select * from board order by
      bcode
   </select>

   <insert id="insert" parameterType="board">
      insert into board(bcode, subject, content, writer, regDate) values(SEQ_BOARD.NEXTVAL, #{subject}, #{content}, #{writer}, sysdate)
   </insert>

   <update id="update" parameterType="board">
      update board set subject=#{subject},
      content=#{content}, writer=#{writer} where bcode = #{bcode}
   </update>

   <delete id="delete" parameterType="String">
      delete from board where bcode =
      #{bcode}
   </delete>

</mapper>