<?xml version="1.0" encoding="UTF-8"?>
<!DOCTYPE mapper 
	PUBLIC "-//mybatis.org//DTD Mapper 3.0//EN"	
	"http://mybatis.org/dtd/mybatis-3-mapper.dtd">

<mapper namespace="cs.dit.dao">
	<resultMap type="login" id="loginResult">
		<result property="id" column="id"/>
		<result property="pwd" column="pwd"/>
		<result property="name" column="name"/>	
	</resultMap>
	
	<select id="selectOne" resultMap="loginResult">
		select * from login where id = #{id}
	</select>
	
	<select id="selectAll" resultMap="loginResult">
		select * from login order by name
	</select>
	
	<insert id="insert" parameterType="login">
		insert into login(id, pwd, name) values(#{id}, #{pwd}, #{name})
	</insert>
	
	<update id="update" parameterType="login">
		update login set name=#{name}, pwd=#{pwd} where id = #{id}
	</update>
	
	<delete id="delete" parameterType="String">
		delete from login where id = #{id}
	</delete>
</mapper>