<?xml version="1.0" encoding="UTF-8"?>

<!DOCTYPE mapper
    PUBLIC "-//mybatis.org//DTD Mapper 3.0//EN"
    "http://mybatis.org/dtd/mybatis-3-mapper.dtd">

<mapper namespace="cs.dit.replyDAO">

	<!-- resultSet -->
	<resultMap type="reply" id="replyResult">
		<result column="replyID" property="replyID" />
		<result column="replyDate" property="replyDate" />
		<result column="replyContent" property="replyContent" />
		<result column="boardNum" property="boardNum" />
	</resultMap>

	<!-- CRUD -->

	<select id="selectAll" resultMap="replyResult">
		select * from reply order by
		replyID
	</select>

	<insert id="insert" parameterType="reply">
		insert into reply(replyID, replyDate,
		replyContent, boardNum) values(REPLY_SEQ.NEXTVAL, sysdate,
		#{replyContent}, #{boardNum})
	</insert>

	<update id="update" parameterType="reply">
		update reply set
		replyContent=#{replyContent} where replyID = #{replyID}
	</update>

	<delete id="delete" parameterType="String">
		delete from reply where replyID =
		#{replyID}
	</delete>

</mapper>
